{"cameraMode":{"drawMode":0,"name":"Shaded","section":"Shading Mode"},"sceneLighting":false,"audioPlay":false,"sceneViewState":{"m_AlwaysRefresh":false,"showFog":true,"showSkybox":false,"showFlares":true,"showImageEffects":true,"showParticleSystems":true,"showVisualEffectGraphs":true,"m_FxEnabled":true},"in2DMode":false,"pivot":{"x":0.0000152587890625,"y":52.485862731933597,"z":2.9640731811523439},"rotation":{"x":-0.010499372147023678,"y":0.009295712225139141,"z":-0.00009760582906892523,"w":-0.9999026656150818},"size":90.74564361572266,"orthographic":false}